Tamanho_Entrada;Execucao;Tempo(s)
1000;1;0.04864358901977539
1000;2;0.04481005668640137
1000;3;0.04439568519592285
1000;4;0.04455709457397461
1000;5;0.04436206817626953
1000;6;0.04444551467895508
1000;7;0.04434370994567871
1000;8;0.04552173614501953
1000;9;0.0439760684967041
1000;10;0.04382801055908203
