Tamanho_Entrada,Execucao,Tempo(s)
100,1,0.000040
100,2,0.000040
100,3,0.000043
100,4,0.000039
100,5,0.000040
