Tamanho_Entrada;Execucao;Tempo(s)
100;1;0.000041
100;2;0.000044
100;3;0.000041
100;4;0.000039
100;5;0.000044
100;6;0.000047
100;7;0.000050
100;8;0.000054
100;9;0.000051
100;10;0.000050
