Tamanho_Entrada,Execucao,Tempo(s)
10,1,0.000002
10,2,0.000002
10,3,0.000002
10,4,0.000003
10,5,0.000003
