Tamanho_Entrada,Execucao,Tempo(s)
1000,1,0.002103
1000,2,0.002125
1000,3,0.002085
1000,4,0.002109
1000,5,0.002073
