Tamanho_Entrada;Execucao;Tempo(s)
10;1;1.9788742065429688e-05
10;2;2.1219253540039062e-05
10;3;1.5735626220703125e-05
10;4;1.1682510375976562e-05
10;5;1.7404556274414062e-05
10;6;1.2159347534179688e-05
10;7;1.2874603271484375e-05
10;8;1.1682510375976562e-05
10;9;1.1444091796875e-05
10;10;1.5020370483398438e-05
