Tamanho_Entrada,Execucao,Tempo(s)
1000,1,0.000310
1000,2,0.000230
1000,3,0.000220
1000,4,0.000229
1000,5,0.000254
