Tamanho_Entrada;Execucao;Tempo(s)
100;1;0.000022
100;2;0.000021
100;3;0.000021
100;4;0.000021
100;5;0.000022
100;6;0.000024
100;7;0.000024
100;8;0.000022
100;9;0.000021
100;10;0.000020
