Tamanho_Entrada,Execucao,Tempo(s)
100,1,0.000034
100,2,0.000033
100,3,0.000032
100,4,0.000035
100,5,0.000032
