Tamanho_Entrada;Execucao;Tempo(s)
10000;1;4.71445107460022
10000;2;4.687845706939697
10000;3;4.703254222869873
10000;4;4.709355592727661
10000;5;4.715255498886108
10000;6;4.816587924957275
10000;7;4.712670803070068
10000;8;4.750811338424683
10000;9;4.703310012817383
10000;10;4.77053689956665
