Tamanho_Entrada,Execucao,Tempo(s)
100,1,0.0005362033843994141
100,2,0.0006170272827148438
100,3,0.0006349086761474609
100,4,0.0005629062652587891
100,5,0.0005667209625244141
