Tamanho_Entrada,Execucao,Tempo(s)
100,1,0.0008153915405273438
100,2,0.0005252361297607422
100,3,0.0004954338073730469
100,4,0.0005211830139160156
100,5,0.0005044937133789062
