Tamanho_Entrada,Execucao,Tempo(s)
10000,1,4.744539022445679
10000,2,4.722853660583496
10000,3,4.727906942367554
10000,4,4.7049150466918945
10000,5,4.711562871932983
10000,6,4.68511438369751
10000,7,4.7381885051727295
10000,8,4.720131874084473
10000,9,4.674554347991943
10000,10,4.709627866744995
