Tamanho_Entrada;Execucao;Tempo(s)
10000;1;0.225047
10000;2;0.225482
10000;3;0.226462
10000;4;0.226569
10000;5;0.226396
10000;6;0.227429
10000;7;0.226653
10000;8;0.225091
10000;9;0.224837
10000;10;0.225000
