Tamanho_Entrada;Execucao;Tempo(s)
100;1;0.00021719932556152344
100;2;0.00022673606872558594
100;3;0.00021839141845703125
100;4;0.00021600723266601562
100;5;0.0002162456512451172
100;6;0.00022745132446289062
100;7;0.0002167224884033203
100;8;0.00021719932556152344
100;9;0.00021529197692871094
100;10;0.0002155303955078125
