Tamanho_Entrada;Execucao;Tempo(s)
100;1;0.000009
100;2;0.000009
100;3;0.000009
100;4;0.000009
100;5;0.000008
100;6;0.000009
100;7;0.000009
100;8;0.000009
100;9;0.000009
100;10;0.000009
