Tamanho_Entrada;Execucao;Tempo(s)
1000;1;0.000185
1000;2;0.000185
1000;3;0.000206
1000;4;0.000209
1000;5;0.000237
1000;6;0.000223
1000;7;0.000221
1000;8;0.000214
1000;9;0.000221
1000;10;0.000207
