Tamanho_Entrada;Execucao;Tempo(s)
1000;1;0.002805
1000;2;0.002554
1000;3;0.002542
1000;4;0.002796
1000;5;0.002549
1000;6;0.002552
1000;7;0.002532
1000;8;0.002550
1000;9;0.002507
1000;10;0.002468
