Tamanho_Entrada,Execucao,Tempo(s)
100,1,0.0004448890686035156
100,2,0.0003483295440673828
100,3,0.0002810955047607422
100,4,0.0003628730773925781
100,5,0.0003006458282470703
