Tamanho_Entrada,Execucao,Tempo(s)
1000,1,0.030931711196899414
1000,2,0.030453205108642578
1000,3,0.030379295349121094
1000,4,0.03047490119934082
1000,5,0.034807682037353516
