Tamanho_Entrada;Execucao;Tempo(s)
1000;1;0.024466514587402344
1000;2;0.024327516555786133
1000;3;0.02430582046508789
1000;4;0.024099111557006836
1000;5;0.02426290512084961
1000;6;0.024452686309814453
1000;7;0.02425837516784668
1000;8;0.024167537689208984
1000;9;0.028765439987182617
1000;10;0.024194955825805664
