Tamanho_Entrada,Execucao,Tempo(s)
1000,1,0.05913853645324707
1000,2,0.05451059341430664
1000,3,0.055648088455200195
1000,4,0.05511069297790527
1000,5,0.055451154708862305
