Tamanho_Entrada;Execucao;Tempo(s)
10;1;6.198883056640625e-06
10;2;5.9604644775390625e-06
10;3;5.9604644775390625e-06
10;4;6.4373016357421875e-06
10;5;5.9604644775390625e-06
10;6;6.198883056640625e-06
10;7;5.9604644775390625e-06
10;8;5.7220458984375e-06
10;9;6.67572021484375e-06
10;10;5.7220458984375e-06
