Tamanho_Entrada;Execucao;Tempo(s)
100000;1;252.65571522712708
100000;2;257.70047426223755
100000;3;253.3497350215912
100000;4;253.87201118469238
100000;5;254.08979892730713
100000;6;254.27003526687622
100000;7;253.290141582489
100000;8;253.2764971256256
100000;9;253.45687913894653
100000;10;254.73096990585327
