Tamanho_Entrada;Execucao;Tempo(s)
100000;1;23.356973
100000;2;23.332261
100000;3;23.352738
100000;4;23.463644
100000;5;23.381999
100000;6;23.404725
100000;7;23.833076
100000;8;23.417118
100000;9;23.644882
100000;10;23.357911
