Tamanho_Entrada;Execucao;Tempo(s)
100;1;0.0005564689636230469
100;2;0.0006108283996582031
100;3;0.0005974769592285156
100;4;0.0005192756652832031
100;5;0.0005235671997070312
100;6;0.0005154609680175781
100;7;0.0005590915679931641
100;8;0.0005192756652832031
100;9;0.0004987716674804688
100;10;0.0005013942718505859
