Tamanho_Entrada;Execucao;Tempo(s)
100;1;0.0002193450927734375
100;2;0.0002181529998779297
100;3;0.00021648406982421875
100;4;0.00022077560424804688
100;5;0.00021648406982421875
100;6;0.0002162456512451172
100;7;0.00021767616271972656
100;8;0.00021529197692871094
100;9;0.0002238750457763672
100;10;0.0002167224884033203
