Tamanho_Entrada;Execucao;Tempo(s)
100;1;0.00040411949157714844
100;2;0.00038313865661621094
100;3;0.000415802001953125
100;4;0.0003883838653564453
100;5;0.0003883838653564453
100;6;0.0004107952117919922
100;7;0.0004096031188964844
100;8;0.00039076805114746094
100;9;0.0004639625549316406
100;10;0.000400543212890625
