Tamanho_Entrada,Execucao,Tempo(s)
1000,1,0.055565595626831055
1000,2,0.05513906478881836
1000,3,0.05666470527648926
1000,4,0.058447837829589844
1000,5,0.060651540756225586
