Tamanho_Entrada,Execucao,Tempo(s)
100,1,0.0002827644348144531
100,2,0.0003726482391357422
100,3,0.00027632713317871094
100,4,0.0002846717834472656
100,5,0.00028443336486816406
