Tamanho_Entrada;Execucao;Tempo(s)
1000;1;0.055433034896850586
1000;2;0.05911993980407715
1000;3;0.06015419960021973
1000;4;0.05505180358886719
1000;5;0.059197425842285156
1000;6;0.05821824073791504
1000;7;0.055544137954711914
1000;8;0.05817461013793945
1000;9;0.05544567108154297
1000;10;0.05440044403076172
