Tamanho_Entrada;Execucao;Tempo(s)
100;1;0.0003504753112792969
100;2;0.0002932548522949219
100;3;0.0003058910369873047
100;4;0.0003376007080078125
100;5;0.0002942085266113281
100;6;0.00028395652770996094
100;7;0.0003085136413574219
100;8;0.0003120899200439453
100;9;0.00030875205993652344
100;10;0.0002961158752441406
