Tamanho_Entrada,Execucao,Tempo(s)
1000,1,0.030438899993896484
1000,2,0.03052377700805664
1000,3,0.03047657012939453
1000,4,0.0304105281829834
1000,5,0.030478715896606445
