Tamanho_Entrada;Execucao;Tempo(s)
100000;1;493.3581235408783
100000;2;491.67817401885986
100000;3;489.91421031951904
100000;4;490.6911280155182
100000;5;490.1741669178009
100000;6;488.6922833919525
100000;7;489.8800721168518
100000;8;489.70049142837524
100000;9;488.84781885147095
100000;10;490.515287399292
