Tamanho_Entrada;Execucao;Tempo(s)
1000;1;0.001961
1000;2;0.001950
1000;3;0.001987
1000;4;0.001951
1000;5;0.001969
1000;6;0.001966
1000;7;0.001966
1000;8;0.001969
1000;9;0.001969
1000;10;0.001951
