Tamanho_Entrada;Execucao;Tempo(s)
10000;1;2.4034855365753174
10000;2;2.404196262359619
10000;3;2.399707794189453
10000;4;2.4575014114379883
10000;5;2.4126782417297363
10000;6;2.424464702606201
10000;7;2.402808427810669
10000;8;2.4102327823638916
10000;9;2.3996942043304443
10000;10;2.440382957458496
