Tamanho_Entrada,Execucao,Tempo(s)
1000,1,0.000222
1000,2,0.000246
1000,3,0.000239
1000,4,0.000245
1000,5,0.000248
