Tamanho_Entrada;Execucao;Tempo(s)
10;1;0.000007152557373
10;2;0.000007152557373
10;3;0.000007390975952
10;4;0.000006914138794
10;5;0.000007152557373
10;6;0.000007390975952
10;7;0.000006914138794
10;8;0.000007629394531
10;9;0.000007152557373
10;10;0.000006675720215
