Tamanho_Entrada,Execucao,Tempo(s)
1000,1,0.003032
1000,2,0.002460
1000,3,0.002072
1000,4,0.002075
1000,5,0.002084
