Tamanho_Entrada,Execucao,Tempo(s)
10000,1,0.095145
10000,2,0.111114
10000,3,0.092059
10000,4,0.113918
10000,5,0.094657
10000,6,0.093774
10000,7,0.094187
10000,8,0.095097
10000,9,0.112167
10000,10,0.092177
