Tamanho_Entrada;Execucao;Tempo(s)
100000;1;0.015379
100000;2;0.015390
100000;3;0.015489
100000;4;0.015439
100000;5;0.015386
100000;6;0.015363
100000;7;0.015465
100000;8;0.015469
100000;9;0.015399
100000;10;0.015397
