Tamanho_Entrada;Execucao;Tempo(s)
10;1;1.3589859008789062e-05
10;2;1.1920928955078125e-05
10;3;1.0967254638671875e-05
10;4;1.33514404296875e-05
10;5;1.1205673217773438e-05
10;6;1.0728836059570312e-05
10;7;1.1205673217773438e-05
10;8;1.1682510375976562e-05
10;9;1.0013580322265625e-05
10;10;1.0728836059570312e-05
