Tamanho_Entrada;Execucao;Tempo(s)
1000;1;0.030345678329467773
1000;2;0.030371904373168945
1000;3;0.030375957489013672
1000;4;0.03046703338623047
1000;5;0.0304415225982666
1000;6;0.031110286712646484
1000;7;0.030602216720581055
1000;8;0.0303952693939209
1000;9;0.030228853225708008
1000;10;0.03049945831298828
