Tamanho_Entrada,Execucao,Tempo(s)
10000,1,2.4302077293395996
10000,2,2.409782886505127
10000,3,2.420788526535034
10000,4,2.4183554649353027
10000,5,2.4217376708984375
10000,6,2.4217824935913086
10000,7,2.420321226119995
10000,8,2.443906307220459
10000,9,2.444645643234253
10000,10,2.50490140914917
